{"cameraMode":{"drawMode":0,"name":"Shaded","section":"Shading Mode"},"sceneLighting":true,"audioPlay":false,"sceneViewState":{"showFog":true,"showMaterialUpdate":false,"showSkybox":true,"showFlares":true,"showImageEffects":true,"showParticleSystems":true},"in2DMode":false,"pivot":{"x":-2.9841299057006838,"y":9.174934387207032,"z":5.522281646728516},"rotation":{"x":0.03352245315909386,"y":0.9140699505805969,"z":-0.39673981070518496,"w":0.0772346779704094},"size":6.854822158813477,"orthographic":true}