{"cameraMode":{"drawMode":0,"name":"Shaded","section":"Shading Mode"},"sceneLighting":false,"audioPlay":false,"sceneViewState":{"showFog":true,"showMaterialUpdate":false,"showSkybox":false,"showFlares":true,"showImageEffects":true,"showParticleSystems":true},"in2DMode":false,"pivot":{"x":11.06291389465332,"y":9.704187393188477,"z":-8.47646427154541},"rotation":{"x":0.2171562910079956,"y":-0.02927904948592186,"z":0.006516960449516773,"w":0.9756776690483093},"size":0.3464098274707794,"orthographic":true}