{"cameraMode":{"drawMode":0,"name":"Shaded","section":"Shading Mode"},"sceneLighting":false,"audioPlay":false,"sceneViewState":{"showFog":true,"showMaterialUpdate":false,"showSkybox":false,"showFlares":true,"showImageEffects":true,"showParticleSystems":true},"in2DMode":false,"pivot":{"x":11.06291389465332,"y":9.704187393188477,"z":-8.47646427154541},"rotation":{"x":0.031446654349565509,"y":-0.05544430762529373,"z":0.001747721340507269,"w":0.9979712963104248},"size":0.3464098274707794,"orthographic":true}