{"cameraMode":{"drawMode":0,"name":"Shaded","section":"Shading Mode"},"sceneLighting":false,"audioPlay":false,"sceneViewState":{"showFog":true,"showMaterialUpdate":false,"showSkybox":false,"showFlares":true,"showImageEffects":true,"showParticleSystems":true},"in2DMode":false,"pivot":{"x":-4.927836894989014,"y":-1.5998975038528443,"z":-4.554349422454834},"rotation":{"x":-0.03524547815322876,"y":0.9187577366828919,"z":-0.08430160582065582,"w":-0.38411945104599},"size":4.6291375160217289,"orthographic":false}