{"cameraMode":{"drawMode":0,"name":"Shaded","section":"Shading Mode"},"sceneLighting":false,"audioPlay":false,"sceneViewState":{"showFog":true,"showMaterialUpdate":false,"showSkybox":false,"showFlares":true,"showImageEffects":true,"showParticleSystems":true},"in2DMode":false,"pivot":{"x":11.06291389465332,"y":9.704187393188477,"z":-8.47646427154541},"rotation":{"x":0.1348108947277069,"y":0.1348108947277069,"z":-0.018516838550567628,"w":0.981484055519104},"size":1.0792251825332642,"orthographic":true}